cluster,kw_statistic,kw_pvalue,kw_qvalue,logit_ordinal_qvalue,logit_ordinal_pvalue
0,7.508023748939772,0.05735264556728063,0.13531124791917562,,
1,7.4832446603438765,0.05799053482250383,0.13531124791917562,,
2,6.12171794278665,0.10583623499257466,0.18521341123700566,,
3,4.90232004676278,0.1790910848319735,0.24952118966635212,,
4,11.764536825697263,0.008234862647208789,0.057644038530461524,,
5,4.112967846402963,0.24952118966635212,0.24952118966635212,,
6,4.261667659394921,0.23455984968094615,0.24952118966635212,,
